cst_id,first_name,last_name
0,Joseph,Nelson
1,Thomas,Figueroa
2,Edmond,Werner
3,Dianne,Lentz
4,Johanna,Santa
5,William,Blais
6,Jennifer,Swinney
7,Gregory,Gaines
8,Eva,Prince
9,Deedra,Mead
10,Sherry,Flores
11,Sharyl,Joseph
12,Joaquin,Doucet
13,Cathy,Reevers
14,John,Williams
15,Jackie,Golden
16,Loretta,Phillips
17,Jason,Carter
18,Sarah,Stalker
19,Alan,Kane
20,Nettie,Green
21,Oma,Gonzalez
22,Randy,Glenn
23,Michael,George
24,Jose,Galimi
25,Mamie,Wait
26,Dorothy,Millhouse
27,Dale,Moyer
28,Adam,Miller
29,Kevin,Leonard
30,Janice,Cron
31,David,Brown
32,Billie,Skinner
33,Cynthia,Sabbagh
34,Johnny,Byrd
35,Jessica,Takacs
36,Jason,Blevins
37,Shannon,Booker
38,Elizabeth,Garza
39,Robyn,Enriquez
40,Andrea,Alvarez
41,Paul,Walston
42,Laura,Leonard
43,Edward,Salcido
44,Fallon,Perry
45,Maurice,Matthews
46,Faye,Amodeo
47,Timothy,Pita
48,Mary,Elmore
49,James,Vargas
50,Carl,Wax
51,Christopher,Midgette
52,Diana,Gustafson
53,Sarah,Williams
54,Marc,White
55,Adolph,Rich
56,Erlene,Canfield
57,Laura,Lewis
58,Christina,Ward
59,Diane,Heber
60,Margo,Yocum
61,Irene,Riebau
62,Ronald,Diaz
63,Valerie,Varian
64,Sharon,Kostura
65,Valerie,Benavidez
66,Agnes,Vessar
67,Jae,Lund
68,Kenneth,Rutherford
69,Lucy,Smith
70,Yolanda,Tinsley
71,Rebecca,Mitchell
72,Gary,Miller
73,Samuel,Fernandez
74,Barbara,Izaguirre
75,Gene,Wright
76,Daniel,Raney
77,Willie,Flores
78,Chad,Hildebrand
79,Marcus,Hernandez
